pedro;pedro2004;
pedro;pedro2004;
pedro;pedro2004;
pedro;pedro2004;
pedro;pedro2004;
pedro;pedro2004;
pedro;pedro2004;
pedro;pedro2004;
pedro;pedro2004;
pedro;pedro2004;
pedro;pedro2004;
pedro;pedro2004;
pedro;pedro2004;
pedro;pedro2004;
pedro;pedro2004;
pedro;pedro2004;
pedro;pedro2004;
pedro;pedro2004;
pedro;pedro2004;
pedro;pedro2004;
pedro;pedro2004;
pedro;pedro2004;
pedro;pedro2004;
pedro;pedro2004;
pedro;pedro2004;
pedro;pedro2004;
pedro;pedro2004;
pedro;pedro2004;
pedro;pedro2004;
